33554452,#hash_5d1491f2fff95a42
33554468,#hash_26d160f212eb37dc
33554438,#hash_2a8f3024b75f62f
33554432,#hash_718751af1dbadab0
440,#hash_435da32789a77007
491,#hash_7fcc6b54242cc8be
360,#hash_7f85585423f0a5d2
335,#hash_5f75d3e8ce13a228
398,#hash_52dea7f325452499
449,#hash_42b4474f7a2d18c3
443,#hash_7f74695423e24f82
387,#hash_5a94d9f932514a8b
510,#hash_36128252e522a2b0
359,#hash_179ae67e8f8a2fb4
260,#hash_1b4eaaba758d7f1d
470,#hash_5f6cf218739175d3
274,#hash_5f80f21873a21edd
285,#hash_5fa60d1873c168fb
437,#hash_5f80fc1873a22fdb
426,#hash_3f7b81469ff331fd
