0f2a8b7cd60deab628d93c9ff7bc2ea8994050e09f991038282fc97a4982368c,af-south-1
7deff676e85aedc3381838debf40d8bd56128ee5d8f32fc70b1acab603020a22,af-south-2
54ced09b7e7b63565048f89f01a89482636a77574e93d28ea78fb06b3e6424f3,asia-east-1
016ae4786aa94e6ff520ae0302b55417912ac407416bf456fc20171a55d58873,asia-east-2
1d2a25e01908b06e5c3e4b91508798898a0667c873746e09a714830df2c6b67b,asia-east-3
cc053a05007c1045241f21744f9423a555ad9e8770c932656bfbe00c07bf9b83,asia-southeast-1
f89e24f3fc9f1c24e210d04b7656761ca6121742272b04bc7a89885e1d96b202,asia-southeast-3
ba56a6fe55fb849ff1d1b0103e7870c61fadc03a4159ed5679bc6f7608d2e58c,au-west-1
ec6a43ff8af20ccf7bab3b0d785abf2c679b5defdc286a0986c544339d33649b,au-west-2
507540196bb6667f389d4fb822f1ee0cee606c07d21c0bbdd64bcf57ec4d0f7d,br-1
39a5fa2467800e7840b56eac4e556acdc481b6bed9bceb842abcfdb376559e0e,cl-1
275d1e4a8828a2143a5f1566be1c8c149d7b26da1e5bb691f00f1fe19f8e9415,eu-central-1
4f6e645a97345b18c4872575938adac4c482ef5aed02315fa5492d861e64fd5c,eu-north-1
d1a4596004686d4e58341bd3130ea6827bc75e5e13f1fe47fc49a26976cd6bbd,eu-north-2
f9db899092e5d8334e63719e2394c8d775e4ea22156b24d26b4f72a9383e9628,eu-south-1
e26593b8d21687585640a95748a11439daf46257eb09946a810c4db843090f92,eu-southwest-1
7626575c7aa75e200fbae8a1d2bd3ef8a437525fdbd6ba07893a99f159d82996,eu-west-1
c8c24223173a5b4080d8b2257e665a68c2c4005b6273f72b362d360deb8e2233,eu-west-2
6d45b674a452e70c72a7c873820993af6eb06e4fcae9dec06139d0357985db69,eu-west-3
5d303d7d4babc42c2647ff4b3bda63df4a141f59c907e7355a67630a1de43212,eu-west-4
f1db12cc95eeeee4601cc0c0881342c440df878e4bb153010de6125bb8a9d3a7,eu-west-5
01fd6c9d492755aa2cae779ebef89f2e6edcdd32b538a8b3c7d3a392c0701b56,eu-west-6
cb3498d46116e28f16ae8709fe4738a94e3799b95511e2486ae202d490b90aa6,eu-west-7
a27708587a6b4d47454c2e79f2bb76f1cc54ac478c6d5be7cdffcd6d87770c82,me-south-1
b4e36ee79a9493f101fa08f59873af54946422c60a55d6dcc3c857ae3835a46d,me-south-2
108ef41a91aaca01f57d253203cb037e08f3279011c31bdae67c8dd9299fbcf3,ru-1
e0f1922af2264a0d91a0b68bd5d3d8fb23c07f4b08da451d0e61d4cd6ed45e71,test-dc-1
2f58cee3606d30f13e792245cf6def3eab425f255bb32b4919f9307d0848e9f3,test-dc-2
5bb80d7abb1ef900ed81715286d7b064c49c03ed3ccea6d35c4abbb70aa46fac,us-central-1
7265c75faa25d36e0cc0d1fb114a3c03bbcb0bfda5f96790d66a179565d1849d,us-central-2
7b2fb719ae14bfb62c1a6069469ce466cfaf7de0609a864d54f08ade101f7d91,us-central-3
e0683a80999052169c4ad6a009f3cac2d4877b21d62f0eb25a835421e80d2d8c,us-central-4
351ae8a12b64b3459d3066c2218b5ae850a03b03ba990a60d201013b9cfdaafb,us-northeast-1
c36002fb0c8e2e09941dfe8f6bdcb500b6e4d230881a8646f4741ff5a87de262,us-northeast-2
b5bb6b4e8c7ea3219c16fb53ee8a244c828239355d92678f7dd441ce0c85e2e2,us-northeast-3
9a054f557593bdb4aac215986736eabea848a955f020871d6ae9152d7ced2efa,us-northeast-4
e5606211d73c263c5e488e1b23b03932ddc6aaf80dd8ec12dba00713ed472d1c,us-northeast-5
f66804fc7dd70d8e1eac6c80864d57ec77aff6bd6bdf473f9bcd3b1746343946,us-northeast-6
602d66a3bd18d60476af7681a98835ee6f44160bdfd97b8819af648deef78f0d,us-northeast-7
070ce795fca696b4298e01a8dd8a50c5474099ba2cfe917d6e08ee98ad7b0d34,us-northwest-1
8d7e935b9ed2fdbe0557f891b9d5159182d009b067caf17d757e9c36bad73c69,us-south-1
b4caee7ad6dfda1b423769203482ffd64a550dba9a41d558c652ee911bb51d0f,us-south-2
6410818a8fdbfee92efcedfce8231924075f25a6b56310f369064d99da0cfc55,us-southeast-1
92686b8da5589c100b02695f0a988d1047c6f0d11b9da9097ba20f361abb0a78,us-southeast-2
f45d5b62a02c42bd8eb84b16ec7e6fd81aff5a1ea35f3906545b7d0f35723e02,us-southeast-3
92e47f91645360c9c54deb39cf762eba2eba9497f7dbaadcaa173dbe40778138,us-southeast-4
654205bee7a8c0db4791d5e3377265e6ff017695576189640d10d49fc453cd12,us-west-1
51d1a2baa4be544a3a011b63c3c0b91150f1b92133d866be775e74d91e10bad3,us-west-2
8031123b6aadf3eb9b2bf7dd33bcf526bdd97a93e1af86f7ff245cef51e0bce4,us-west-3
d1a5d7a5490ae35f148c34673fd98b28b870828539fa939c5f54187ddfa49ad6,us-west-4
f6e78dd4d222717c00a3e8a37192bcf7d91b12702c7c12b3986f13fd06af2892,us-west-5
2f512f454635bd6cb3949cb28ac7c523654959c63fa7ca6abf067a90051c6246,us-west-6
